,model,balanced_score,n_samples,trial_num,win_rate,scenario
0,ai21_j2-grande,0.5428,20000,0,0.6666666666666666,openbookqa
1,ai21_j2-jumbo,0.55915,20000,0,1.0,openbookqa
2,ai21_j2-large,0.52885,20000,0,0.3333333333333333,openbookqa
3,together_redpajama-incite-base-3b-v1,0.25,20000,0,0.0,openbookqa
0,ai21_j2-grande,0.5428,20000,1,0.6666666666666666,openbookqa
1,ai21_j2-jumbo,0.55425,20000,1,1.0,openbookqa
2,ai21_j2-large,0.52795,20000,1,0.3333333333333333,openbookqa
3,together_redpajama-incite-base-3b-v1,0.25,20000,1,0.0,openbookqa
0,ai21_j2-grande,0.5363,20000,2,0.6666666666666666,openbookqa
1,ai21_j2-jumbo,0.55445,20000,2,1.0,openbookqa
2,ai21_j2-large,0.5264,20000,2,0.3333333333333333,openbookqa
3,together_redpajama-incite-base-3b-v1,0.25,20000,2,0.0,openbookqa
0,ai21_j2-grande,0.54215,20000,3,0.6666666666666666,openbookqa
1,ai21_j2-jumbo,0.55695,20000,3,1.0,openbookqa
2,ai21_j2-large,0.53095,20000,3,0.3333333333333333,openbookqa
3,together_redpajama-incite-base-3b-v1,0.25,20000,3,0.0,openbookqa
0,ai21_j2-grande,0.54305,20000,4,0.6666666666666666,openbookqa
1,ai21_j2-jumbo,0.55385,20000,4,1.0,openbookqa
2,ai21_j2-large,0.53155,20000,4,0.3333333333333333,openbookqa
3,together_redpajama-incite-base-3b-v1,0.25,20000,4,0.0,openbookqa
0,ai21_j2-grande,0.5434,20000,5,0.6666666666666666,openbookqa
1,ai21_j2-jumbo,0.55745,20000,5,1.0,openbookqa
2,ai21_j2-large,0.5316,20000,5,0.3333333333333333,openbookqa
3,together_redpajama-incite-base-3b-v1,0.25,20000,5,0.0,openbookqa
0,ai21_j2-grande,0.54105,20000,6,0.6666666666666666,openbookqa
1,ai21_j2-jumbo,0.556,20000,6,1.0,openbookqa
2,ai21_j2-large,0.53045,20000,6,0.3333333333333333,openbookqa
3,together_redpajama-incite-base-3b-v1,0.25,20000,6,0.0,openbookqa
0,ai21_j2-grande,0.5436,20000,7,0.6666666666666666,openbookqa
1,ai21_j2-jumbo,0.56005,20000,7,1.0,openbookqa
2,ai21_j2-large,0.53255,20000,7,0.3333333333333333,openbookqa
3,together_redpajama-incite-base-3b-v1,0.25,20000,7,0.0,openbookqa
0,ai21_j2-grande,0.5469,20000,8,0.6666666666666666,openbookqa
1,ai21_j2-jumbo,0.55865,20000,8,1.0,openbookqa
2,ai21_j2-large,0.5323,20000,8,0.3333333333333333,openbookqa
3,together_redpajama-incite-base-3b-v1,0.25,20000,8,0.0,openbookqa
0,ai21_j2-grande,0.54375,20000,9,0.6666666666666666,openbookqa
1,ai21_j2-jumbo,0.55495,20000,9,1.0,openbookqa
2,ai21_j2-large,0.528,20000,9,0.3333333333333333,openbookqa
3,together_redpajama-incite-base-3b-v1,0.25,20000,9,0.0,openbookqa
0,ai21_j2-grande,0.551,4000,0,0.6666666666666666,openbookqa
1,ai21_j2-jumbo,0.566,4000,0,1.0,openbookqa
2,ai21_j2-large,0.537,4000,0,0.3333333333333333,openbookqa
3,together_redpajama-incite-base-3b-v1,0.25,4000,0,0.0,openbookqa
0,ai21_j2-grande,0.5375,4000,1,0.6666666666666666,openbookqa
1,ai21_j2-jumbo,0.552,4000,1,1.0,openbookqa
2,ai21_j2-large,0.526,4000,1,0.3333333333333333,openbookqa
3,together_redpajama-incite-base-3b-v1,0.25,4000,1,0.0,openbookqa
0,ai21_j2-grande,0.544,4000,2,0.6666666666666666,openbookqa
1,ai21_j2-jumbo,0.55875,4000,2,1.0,openbookqa
2,ai21_j2-large,0.53275,4000,2,0.3333333333333333,openbookqa
3,together_redpajama-incite-base-3b-v1,0.25,4000,2,0.0,openbookqa
0,ai21_j2-grande,0.553,4000,3,0.6666666666666666,openbookqa
1,ai21_j2-jumbo,0.557,4000,3,1.0,openbookqa
2,ai21_j2-large,0.5285,4000,3,0.3333333333333333,openbookqa
3,together_redpajama-incite-base-3b-v1,0.25,4000,3,0.0,openbookqa
0,ai21_j2-grande,0.55425,4000,4,0.6666666666666666,openbookqa
1,ai21_j2-jumbo,0.5805,4000,4,1.0,openbookqa
2,ai21_j2-large,0.54875,4000,4,0.3333333333333333,openbookqa
3,together_redpajama-incite-base-3b-v1,0.25,4000,4,0.0,openbookqa
0,ai21_j2-grande,0.5335,4000,5,0.6666666666666666,openbookqa
1,ai21_j2-jumbo,0.55725,4000,5,1.0,openbookqa
2,ai21_j2-large,0.52825,4000,5,0.3333333333333333,openbookqa
3,together_redpajama-incite-base-3b-v1,0.25,4000,5,0.0,openbookqa
0,ai21_j2-grande,0.55425,4000,6,0.6666666666666666,openbookqa
1,ai21_j2-jumbo,0.5665,4000,6,1.0,openbookqa
2,ai21_j2-large,0.535,4000,6,0.3333333333333333,openbookqa
3,together_redpajama-incite-base-3b-v1,0.25,4000,6,0.0,openbookqa
0,ai21_j2-grande,0.5545,4000,7,0.6666666666666666,openbookqa
1,ai21_j2-jumbo,0.57775,4000,7,1.0,openbookqa
2,ai21_j2-large,0.54825,4000,7,0.3333333333333333,openbookqa
3,together_redpajama-incite-base-3b-v1,0.25,4000,7,0.0,openbookqa
0,ai21_j2-grande,0.54525,4000,8,0.6666666666666666,openbookqa
1,ai21_j2-jumbo,0.562,4000,8,1.0,openbookqa
2,ai21_j2-large,0.53075,4000,8,0.3333333333333333,openbookqa
3,together_redpajama-incite-base-3b-v1,0.25,4000,8,0.0,openbookqa
0,ai21_j2-grande,0.55,4000,9,0.6666666666666666,openbookqa
1,ai21_j2-jumbo,0.56975,4000,9,1.0,openbookqa
2,ai21_j2-large,0.535,4000,9,0.3333333333333333,openbookqa
3,together_redpajama-incite-base-3b-v1,0.25,4000,9,0.0,openbookqa
0,ai21_j2-grande,0.5400666666666667,30000,0,0.6666666666666666,openbookqa
1,ai21_j2-jumbo,0.5596333333333333,30000,0,1.0,openbookqa
2,ai21_j2-large,0.5305,30000,0,0.3333333333333333,openbookqa
3,together_redpajama-incite-base-3b-v1,0.25,30000,0,0.0,openbookqa
0,ai21_j2-grande,0.5455,30000,1,0.6666666666666666,openbookqa
1,ai21_j2-jumbo,0.5595333333333333,30000,1,1.0,openbookqa
2,ai21_j2-large,0.5339666666666667,30000,1,0.3333333333333333,openbookqa
3,together_redpajama-incite-base-3b-v1,0.25,30000,1,0.0,openbookqa
0,ai21_j2-grande,0.5404,30000,2,0.6666666666666666,openbookqa
1,ai21_j2-jumbo,0.5576666666666666,30000,2,1.0,openbookqa
2,ai21_j2-large,0.5281666666666667,30000,2,0.3333333333333333,openbookqa
3,together_redpajama-incite-base-3b-v1,0.25,30000,2,0.0,openbookqa
0,ai21_j2-grande,0.5419,30000,3,0.6666666666666666,openbookqa
1,ai21_j2-jumbo,0.5578333333333333,30000,3,1.0,openbookqa
2,ai21_j2-large,0.5325666666666666,30000,3,0.3333333333333333,openbookqa
3,together_redpajama-incite-base-3b-v1,0.25,30000,3,0.0,openbookqa
0,ai21_j2-grande,0.5391,30000,4,0.6666666666666666,openbookqa
1,ai21_j2-jumbo,0.5585,30000,4,1.0,openbookqa
2,ai21_j2-large,0.5286,30000,4,0.3333333333333333,openbookqa
3,together_redpajama-incite-base-3b-v1,0.25,30000,4,0.0,openbookqa
0,ai21_j2-grande,0.5445333333333333,30000,5,0.6666666666666666,openbookqa
1,ai21_j2-jumbo,0.5567666666666666,30000,5,1.0,openbookqa
2,ai21_j2-large,0.5304333333333333,30000,5,0.3333333333333333,openbookqa
3,together_redpajama-incite-base-3b-v1,0.25,30000,5,0.0,openbookqa
0,ai21_j2-grande,0.5440666666666667,30000,6,0.6666666666666666,openbookqa
1,ai21_j2-jumbo,0.5593,30000,6,1.0,openbookqa
2,ai21_j2-large,0.5315666666666666,30000,6,0.3333333333333333,openbookqa
3,together_redpajama-incite-base-3b-v1,0.25,30000,6,0.0,openbookqa
0,ai21_j2-grande,0.5443333333333333,30000,7,0.6666666666666666,openbookqa
1,ai21_j2-jumbo,0.5561,30000,7,1.0,openbookqa
2,ai21_j2-large,0.5311,30000,7,0.3333333333333333,openbookqa
3,together_redpajama-incite-base-3b-v1,0.25,30000,7,0.0,openbookqa
0,ai21_j2-grande,0.5442333333333333,30000,8,0.6666666666666666,openbookqa
1,ai21_j2-jumbo,0.5595333333333333,30000,8,1.0,openbookqa
2,ai21_j2-large,0.5314666666666666,30000,8,0.3333333333333333,openbookqa
3,together_redpajama-incite-base-3b-v1,0.25,30000,8,0.0,openbookqa
0,ai21_j2-grande,0.5423333333333333,30000,9,0.6666666666666666,openbookqa
1,ai21_j2-jumbo,0.5567666666666666,30000,9,1.0,openbookqa
2,ai21_j2-large,0.5272666666666667,30000,9,0.3333333333333333,openbookqa
3,together_redpajama-incite-base-3b-v1,0.25,30000,9,0.0,openbookqa
0,ai21_j2-grande,0.6,10,0,0.3333333333333333,openbookqa
1,ai21_j2-jumbo,0.6,10,0,0.3333333333333333,openbookqa
2,ai21_j2-large,0.6,10,0,0.3333333333333333,openbookqa
3,together_redpajama-incite-base-3b-v1,0.25,10,0,0.0,openbookqa
0,ai21_j2-grande,0.7,10,1,0.3333333333333333,openbookqa
1,ai21_j2-jumbo,0.7,10,1,0.3333333333333333,openbookqa
2,ai21_j2-large,0.8,10,1,1.0,openbookqa
3,together_redpajama-incite-base-3b-v1,0.25,10,1,0.0,openbookqa
0,ai21_j2-grande,0.4,10,2,0.6666666666666666,openbookqa
1,ai21_j2-jumbo,0.4,10,2,0.6666666666666666,openbookqa
2,ai21_j2-large,0.3,10,2,0.3333333333333333,openbookqa
3,together_redpajama-incite-base-3b-v1,0.25,10,2,0.0,openbookqa
0,ai21_j2-grande,0.5,10,3,0.3333333333333333,openbookqa
1,ai21_j2-jumbo,0.5,10,3,0.3333333333333333,openbookqa
2,ai21_j2-large,0.6,10,3,1.0,openbookqa
3,together_redpajama-incite-base-3b-v1,0.25,10,3,0.0,openbookqa
0,ai21_j2-grande,0.6,10,4,0.3333333333333333,openbookqa
1,ai21_j2-jumbo,0.6,10,4,0.3333333333333333,openbookqa
2,ai21_j2-large,0.8,10,4,1.0,openbookqa
3,together_redpajama-incite-base-3b-v1,0.25,10,4,0.0,openbookqa
0,ai21_j2-grande,0.8,10,5,0.3333333333333333,openbookqa
1,ai21_j2-jumbo,0.9,10,5,0.6666666666666666,openbookqa
2,ai21_j2-large,0.9,10,5,0.6666666666666666,openbookqa
3,together_redpajama-incite-base-3b-v1,0.25,10,5,0.0,openbookqa
0,ai21_j2-grande,0.5,10,6,0.6666666666666666,openbookqa
1,ai21_j2-jumbo,0.4,10,6,0.3333333333333333,openbookqa
2,ai21_j2-large,0.5,10,6,0.6666666666666666,openbookqa
3,together_redpajama-incite-base-3b-v1,0.25,10,6,0.0,openbookqa
0,ai21_j2-grande,0.5,10,7,0.3333333333333333,openbookqa
1,ai21_j2-jumbo,0.6,10,7,0.6666666666666666,openbookqa
2,ai21_j2-large,0.6,10,7,0.6666666666666666,openbookqa
3,together_redpajama-incite-base-3b-v1,0.25,10,7,0.0,openbookqa
0,ai21_j2-grande,0.4,10,8,0.3333333333333333,openbookqa
1,ai21_j2-jumbo,0.5,10,8,1.0,openbookqa
2,ai21_j2-large,0.4,10,8,0.3333333333333333,openbookqa
3,together_redpajama-incite-base-3b-v1,0.25,10,8,0.0,openbookqa
0,ai21_j2-grande,0.2,10,9,0.0,openbookqa
1,ai21_j2-jumbo,0.4,10,9,0.6666666666666666,openbookqa
2,ai21_j2-large,0.4,10,9,0.6666666666666666,openbookqa
3,together_redpajama-incite-base-3b-v1,0.25,10,9,0.3333333333333333,openbookqa
0,ai21_j2-grande,0.5,30,0,0.3333333333333333,openbookqa
1,ai21_j2-jumbo,0.5333333333333333,30,0,0.6666666666666666,openbookqa
2,ai21_j2-large,0.6,30,0,1.0,openbookqa
3,together_redpajama-incite-base-3b-v1,0.25,30,0,0.0,openbookqa
0,ai21_j2-grande,0.5333333333333333,30,1,1.0,openbookqa
1,ai21_j2-jumbo,0.5,30,1,0.3333333333333333,openbookqa
2,ai21_j2-large,0.5,30,1,0.3333333333333333,openbookqa
3,together_redpajama-incite-base-3b-v1,0.25,30,1,0.0,openbookqa
0,ai21_j2-grande,0.5666666666666667,30,2,0.6666666666666666,openbookqa
1,ai21_j2-jumbo,0.5666666666666667,30,2,0.6666666666666666,openbookqa
2,ai21_j2-large,0.5333333333333333,30,2,0.3333333333333333,openbookqa
3,together_redpajama-incite-base-3b-v1,0.25,30,2,0.0,openbookqa
0,ai21_j2-grande,0.5,30,3,0.6666666666666666,openbookqa
1,ai21_j2-jumbo,0.4,30,3,0.3333333333333333,openbookqa
2,ai21_j2-large,0.5333333333333333,30,3,1.0,openbookqa
3,together_redpajama-incite-base-3b-v1,0.25,30,3,0.0,openbookqa
0,ai21_j2-grande,0.4666666666666667,30,4,0.6666666666666666,openbookqa
1,ai21_j2-jumbo,0.5666666666666667,30,4,1.0,openbookqa
2,ai21_j2-large,0.4333333333333333,30,4,0.3333333333333333,openbookqa
3,together_redpajama-incite-base-3b-v1,0.25,30,4,0.0,openbookqa
0,ai21_j2-grande,0.4666666666666667,30,5,0.3333333333333333,openbookqa
1,ai21_j2-jumbo,0.5333333333333333,30,5,1.0,openbookqa
2,ai21_j2-large,0.5,30,5,0.6666666666666666,openbookqa
3,together_redpajama-incite-base-3b-v1,0.25,30,5,0.0,openbookqa
0,ai21_j2-grande,0.5,30,6,1.0,openbookqa
1,ai21_j2-jumbo,0.4666666666666667,30,6,0.6666666666666666,openbookqa
2,ai21_j2-large,0.4,30,6,0.3333333333333333,openbookqa
3,together_redpajama-incite-base-3b-v1,0.25,30,6,0.0,openbookqa
0,ai21_j2-grande,0.6666666666666666,30,7,1.0,openbookqa
1,ai21_j2-jumbo,0.5333333333333333,30,7,0.3333333333333333,openbookqa
2,ai21_j2-large,0.5333333333333333,30,7,0.3333333333333333,openbookqa
3,together_redpajama-incite-base-3b-v1,0.25,30,7,0.0,openbookqa
0,ai21_j2-grande,0.4666666666666667,30,8,1.0,openbookqa
1,ai21_j2-jumbo,0.4,30,8,0.3333333333333333,openbookqa
2,ai21_j2-large,0.4333333333333333,30,8,0.6666666666666666,openbookqa
3,together_redpajama-incite-base-3b-v1,0.25,30,8,0.0,openbookqa
0,ai21_j2-grande,0.5,30,9,0.3333333333333333,openbookqa
1,ai21_j2-jumbo,0.6333333333333333,30,9,1.0,openbookqa
2,ai21_j2-large,0.6,30,9,0.6666666666666666,openbookqa
3,together_redpajama-incite-base-3b-v1,0.25,30,9,0.0,openbookqa
0,ai21_j2-grande,0.5714285714285714,350,0,1.0,openbookqa
1,ai21_j2-jumbo,0.5628571428571428,350,0,0.6666666666666666,openbookqa
2,ai21_j2-large,0.56,350,0,0.3333333333333333,openbookqa
3,together_redpajama-incite-base-3b-v1,0.25,350,0,0.0,openbookqa
0,ai21_j2-grande,0.5542857142857143,350,1,0.3333333333333333,openbookqa
1,ai21_j2-jumbo,0.5742857142857143,350,1,1.0,openbookqa
2,ai21_j2-large,0.5657142857142857,350,1,0.6666666666666666,openbookqa
3,together_redpajama-incite-base-3b-v1,0.25,350,1,0.0,openbookqa
0,ai21_j2-grande,0.5514285714285714,350,2,1.0,openbookqa
1,ai21_j2-jumbo,0.5285714285714286,350,2,0.6666666666666666,openbookqa
2,ai21_j2-large,0.5257142857142857,350,2,0.3333333333333333,openbookqa
3,together_redpajama-incite-base-3b-v1,0.25,350,2,0.0,openbookqa
0,ai21_j2-grande,0.5771428571428572,350,3,1.0,openbookqa
1,ai21_j2-jumbo,0.56,350,3,0.6666666666666666,openbookqa
2,ai21_j2-large,0.5571428571428572,350,3,0.3333333333333333,openbookqa
3,together_redpajama-incite-base-3b-v1,0.25,350,3,0.0,openbookqa
0,ai21_j2-grande,0.5485714285714286,350,4,0.3333333333333333,openbookqa
1,ai21_j2-jumbo,0.58,350,4,1.0,openbookqa
2,ai21_j2-large,0.5514285714285714,350,4,0.6666666666666666,openbookqa
3,together_redpajama-incite-base-3b-v1,0.25,350,4,0.0,openbookqa
0,ai21_j2-grande,0.4685714285714286,350,5,0.6666666666666666,openbookqa
1,ai21_j2-jumbo,0.5028571428571429,350,5,1.0,openbookqa
2,ai21_j2-large,0.4571428571428571,350,5,0.3333333333333333,openbookqa
3,together_redpajama-incite-base-3b-v1,0.25,350,5,0.0,openbookqa
0,ai21_j2-grande,0.5228571428571429,350,6,0.6666666666666666,openbookqa
1,ai21_j2-jumbo,0.5485714285714286,350,6,1.0,openbookqa
2,ai21_j2-large,0.5142857142857142,350,6,0.3333333333333333,openbookqa
3,together_redpajama-incite-base-3b-v1,0.25,350,6,0.0,openbookqa
0,ai21_j2-grande,0.5171428571428571,350,7,0.3333333333333333,openbookqa
1,ai21_j2-jumbo,0.52,350,7,0.6666666666666666,openbookqa
2,ai21_j2-large,0.5285714285714286,350,7,1.0,openbookqa
3,together_redpajama-incite-base-3b-v1,0.25,350,7,0.0,openbookqa
0,ai21_j2-grande,0.5914285714285714,350,8,0.6666666666666666,openbookqa
1,ai21_j2-jumbo,0.5914285714285714,350,8,0.6666666666666666,openbookqa
2,ai21_j2-large,0.5628571428571428,350,8,0.3333333333333333,openbookqa
3,together_redpajama-incite-base-3b-v1,0.25,350,8,0.0,openbookqa
0,ai21_j2-grande,0.5714285714285714,350,9,0.6666666666666666,openbookqa
1,ai21_j2-jumbo,0.58,350,9,1.0,openbookqa
2,ai21_j2-large,0.5457142857142857,350,9,0.3333333333333333,openbookqa
3,together_redpajama-incite-base-3b-v1,0.25,350,9,0.0,openbookqa
0,ai21_j2-grande,0.5405,2000,0,0.6666666666666666,openbookqa
1,ai21_j2-jumbo,0.5515,2000,0,1.0,openbookqa
2,ai21_j2-large,0.527,2000,0,0.3333333333333333,openbookqa
3,together_redpajama-incite-base-3b-v1,0.25,2000,0,0.0,openbookqa
0,ai21_j2-grande,0.5385,2000,1,0.6666666666666666,openbookqa
1,ai21_j2-jumbo,0.544,2000,1,1.0,openbookqa
2,ai21_j2-large,0.534,2000,1,0.3333333333333333,openbookqa
3,together_redpajama-incite-base-3b-v1,0.25,2000,1,0.0,openbookqa
0,ai21_j2-grande,0.532,2000,2,0.3333333333333333,openbookqa
1,ai21_j2-jumbo,0.5455,2000,2,1.0,openbookqa
2,ai21_j2-large,0.535,2000,2,0.6666666666666666,openbookqa
3,together_redpajama-incite-base-3b-v1,0.25,2000,2,0.0,openbookqa
0,ai21_j2-grande,0.5305,2000,3,0.6666666666666666,openbookqa
1,ai21_j2-jumbo,0.552,2000,3,1.0,openbookqa
2,ai21_j2-large,0.515,2000,3,0.3333333333333333,openbookqa
3,together_redpajama-incite-base-3b-v1,0.25,2000,3,0.0,openbookqa
0,ai21_j2-grande,0.534,2000,4,0.6666666666666666,openbookqa
1,ai21_j2-jumbo,0.5505,2000,4,1.0,openbookqa
2,ai21_j2-large,0.529,2000,4,0.3333333333333333,openbookqa
3,together_redpajama-incite-base-3b-v1,0.25,2000,4,0.0,openbookqa
0,ai21_j2-grande,0.543,2000,5,0.6666666666666666,openbookqa
1,ai21_j2-jumbo,0.5455,2000,5,1.0,openbookqa
2,ai21_j2-large,0.5305,2000,5,0.3333333333333333,openbookqa
3,together_redpajama-incite-base-3b-v1,0.25,2000,5,0.0,openbookqa
0,ai21_j2-grande,0.527,2000,6,0.6666666666666666,openbookqa
1,ai21_j2-jumbo,0.566,2000,6,1.0,openbookqa
2,ai21_j2-large,0.522,2000,6,0.3333333333333333,openbookqa
3,together_redpajama-incite-base-3b-v1,0.25,2000,6,0.0,openbookqa
0,ai21_j2-grande,0.549,2000,7,0.6666666666666666,openbookqa
1,ai21_j2-jumbo,0.564,2000,7,1.0,openbookqa
2,ai21_j2-large,0.527,2000,7,0.3333333333333333,openbookqa
3,together_redpajama-incite-base-3b-v1,0.25,2000,7,0.0,openbookqa
0,ai21_j2-grande,0.535,2000,8,0.6666666666666666,openbookqa
1,ai21_j2-jumbo,0.5565,2000,8,1.0,openbookqa
2,ai21_j2-large,0.5265,2000,8,0.3333333333333333,openbookqa
3,together_redpajama-incite-base-3b-v1,0.25,2000,8,0.0,openbookqa
0,ai21_j2-grande,0.548,2000,9,0.6666666666666666,openbookqa
1,ai21_j2-jumbo,0.5745,2000,9,1.0,openbookqa
2,ai21_j2-large,0.5265,2000,9,0.3333333333333333,openbookqa
3,together_redpajama-incite-base-3b-v1,0.25,2000,9,0.0,openbookqa
0,ai21_j2-grande,0.45,40,0,0.3333333333333333,openbookqa
1,ai21_j2-jumbo,0.5,40,0,1.0,openbookqa
2,ai21_j2-large,0.475,40,0,0.6666666666666666,openbookqa
3,together_redpajama-incite-base-3b-v1,0.25,40,0,0.0,openbookqa
0,ai21_j2-grande,0.625,40,1,0.6666666666666666,openbookqa
1,ai21_j2-jumbo,0.5,40,1,0.3333333333333333,openbookqa
2,ai21_j2-large,0.625,40,1,0.6666666666666666,openbookqa
3,together_redpajama-incite-base-3b-v1,0.25,40,1,0.0,openbookqa
0,ai21_j2-grande,0.575,40,2,0.6666666666666666,openbookqa
1,ai21_j2-jumbo,0.45,40,2,0.3333333333333333,openbookqa
2,ai21_j2-large,0.675,40,2,1.0,openbookqa
3,together_redpajama-incite-base-3b-v1,0.25,40,2,0.0,openbookqa
0,ai21_j2-grande,0.475,40,3,0.3333333333333333,openbookqa
1,ai21_j2-jumbo,0.5,40,3,0.6666666666666666,openbookqa
2,ai21_j2-large,0.55,40,3,1.0,openbookqa
3,together_redpajama-incite-base-3b-v1,0.25,40,3,0.0,openbookqa
0,ai21_j2-grande,0.4,40,4,0.3333333333333333,openbookqa
1,ai21_j2-jumbo,0.475,40,4,1.0,openbookqa
2,ai21_j2-large,0.45,40,4,0.6666666666666666,openbookqa
3,together_redpajama-incite-base-3b-v1,0.25,40,4,0.0,openbookqa
0,ai21_j2-grande,0.475,40,5,0.3333333333333333,openbookqa
1,ai21_j2-jumbo,0.525,40,5,0.6666666666666666,openbookqa
2,ai21_j2-large,0.6,40,5,1.0,openbookqa
3,together_redpajama-incite-base-3b-v1,0.25,40,5,0.0,openbookqa
0,ai21_j2-grande,0.55,40,6,0.6666666666666666,openbookqa
1,ai21_j2-jumbo,0.425,40,6,0.3333333333333333,openbookqa
2,ai21_j2-large,0.55,40,6,0.6666666666666666,openbookqa
3,together_redpajama-incite-base-3b-v1,0.25,40,6,0.0,openbookqa
0,ai21_j2-grande,0.6,40,7,0.6666666666666666,openbookqa
1,ai21_j2-jumbo,0.6,40,7,0.6666666666666666,openbookqa
2,ai21_j2-large,0.45,40,7,0.3333333333333333,openbookqa
3,together_redpajama-incite-base-3b-v1,0.25,40,7,0.0,openbookqa
0,ai21_j2-grande,0.5,40,8,0.6666666666666666,openbookqa
1,ai21_j2-jumbo,0.475,40,8,0.3333333333333333,openbookqa
2,ai21_j2-large,0.525,40,8,1.0,openbookqa
3,together_redpajama-incite-base-3b-v1,0.25,40,8,0.0,openbookqa
0,ai21_j2-grande,0.625,40,9,1.0,openbookqa
1,ai21_j2-jumbo,0.55,40,9,0.6666666666666666,openbookqa
2,ai21_j2-large,0.425,40,9,0.3333333333333333,openbookqa
3,together_redpajama-incite-base-3b-v1,0.25,40,9,0.0,openbookqa
0,ai21_j2-grande,0.5285714285714286,70,0,0.6666666666666666,openbookqa
1,ai21_j2-jumbo,0.5571428571428572,70,0,1.0,openbookqa
2,ai21_j2-large,0.5,70,0,0.3333333333333333,openbookqa
3,together_redpajama-incite-base-3b-v1,0.25,70,0,0.0,openbookqa
0,ai21_j2-grande,0.4571428571428571,70,1,0.3333333333333333,openbookqa
1,ai21_j2-jumbo,0.5571428571428572,70,1,0.6666666666666666,openbookqa
2,ai21_j2-large,0.5714285714285714,70,1,1.0,openbookqa
3,together_redpajama-incite-base-3b-v1,0.25,70,1,0.0,openbookqa
0,ai21_j2-grande,0.5142857142857142,70,2,0.3333333333333333,openbookqa
1,ai21_j2-jumbo,0.6,70,2,1.0,openbookqa
2,ai21_j2-large,0.5571428571428572,70,2,0.6666666666666666,openbookqa
3,together_redpajama-incite-base-3b-v1,0.25,70,2,0.0,openbookqa
0,ai21_j2-grande,0.5857142857142857,70,3,0.3333333333333333,openbookqa
1,ai21_j2-jumbo,0.6428571428571429,70,3,1.0,openbookqa
2,ai21_j2-large,0.6285714285714286,70,3,0.6666666666666666,openbookqa
3,together_redpajama-incite-base-3b-v1,0.25,70,3,0.0,openbookqa
0,ai21_j2-grande,0.5142857142857142,70,4,1.0,openbookqa
1,ai21_j2-jumbo,0.4857142857142857,70,4,0.6666666666666666,openbookqa
2,ai21_j2-large,0.4571428571428571,70,4,0.3333333333333333,openbookqa
3,together_redpajama-incite-base-3b-v1,0.25,70,4,0.0,openbookqa
0,ai21_j2-grande,0.5,70,5,0.3333333333333333,openbookqa
1,ai21_j2-jumbo,0.5142857142857142,70,5,0.6666666666666666,openbookqa
2,ai21_j2-large,0.5857142857142857,70,5,1.0,openbookqa
3,together_redpajama-incite-base-3b-v1,0.25,70,5,0.0,openbookqa
0,ai21_j2-grande,0.5428571428571428,70,6,0.6666666666666666,openbookqa
1,ai21_j2-jumbo,0.5714285714285714,70,6,1.0,openbookqa
2,ai21_j2-large,0.4714285714285714,70,6,0.3333333333333333,openbookqa
3,together_redpajama-incite-base-3b-v1,0.25,70,6,0.0,openbookqa
0,ai21_j2-grande,0.5857142857142857,70,7,0.6666666666666666,openbookqa
1,ai21_j2-jumbo,0.6571428571428571,70,7,1.0,openbookqa
2,ai21_j2-large,0.5428571428571428,70,7,0.3333333333333333,openbookqa
3,together_redpajama-incite-base-3b-v1,0.25,70,7,0.0,openbookqa
0,ai21_j2-grande,0.5857142857142857,70,8,1.0,openbookqa
1,ai21_j2-jumbo,0.5571428571428572,70,8,0.6666666666666666,openbookqa
2,ai21_j2-large,0.5285714285714286,70,8,0.3333333333333333,openbookqa
3,together_redpajama-incite-base-3b-v1,0.25,70,8,0.0,openbookqa
0,ai21_j2-grande,0.4857142857142857,70,9,0.3333333333333333,openbookqa
1,ai21_j2-jumbo,0.5571428571428572,70,9,1.0,openbookqa
2,ai21_j2-large,0.5142857142857142,70,9,0.6666666666666666,openbookqa
3,together_redpajama-incite-base-3b-v1,0.25,70,9,0.0,openbookqa
0,ai21_j2-grande,0.55,20,0,1.0,openbookqa
1,ai21_j2-jumbo,0.45,20,0,0.3333333333333333,openbookqa
2,ai21_j2-large,0.5,20,0,0.6666666666666666,openbookqa
3,together_redpajama-incite-base-3b-v1,0.25,20,0,0.0,openbookqa
0,ai21_j2-grande,0.45,20,1,0.3333333333333333,openbookqa
1,ai21_j2-jumbo,0.5,20,1,1.0,openbookqa
2,ai21_j2-large,0.45,20,1,0.3333333333333333,openbookqa
3,together_redpajama-incite-base-3b-v1,0.25,20,1,0.0,openbookqa
0,ai21_j2-grande,0.5,20,2,0.6666666666666666,openbookqa
1,ai21_j2-jumbo,0.5,20,2,0.6666666666666666,openbookqa
2,ai21_j2-large,0.4,20,2,0.3333333333333333,openbookqa
3,together_redpajama-incite-base-3b-v1,0.25,20,2,0.0,openbookqa
0,ai21_j2-grande,0.4,20,3,0.3333333333333333,openbookqa
1,ai21_j2-jumbo,0.4,20,3,0.3333333333333333,openbookqa
2,ai21_j2-large,0.55,20,3,1.0,openbookqa
3,together_redpajama-incite-base-3b-v1,0.25,20,3,0.0,openbookqa
0,ai21_j2-grande,0.6,20,4,0.6666666666666666,openbookqa
1,ai21_j2-jumbo,0.55,20,4,0.3333333333333333,openbookqa
2,ai21_j2-large,0.6,20,4,0.6666666666666666,openbookqa
3,together_redpajama-incite-base-3b-v1,0.25,20,4,0.0,openbookqa
0,ai21_j2-grande,0.6,20,5,0.6666666666666666,openbookqa
1,ai21_j2-jumbo,0.55,20,5,0.3333333333333333,openbookqa
2,ai21_j2-large,0.6,20,5,0.6666666666666666,openbookqa
3,together_redpajama-incite-base-3b-v1,0.25,20,5,0.0,openbookqa
0,ai21_j2-grande,0.55,20,6,1.0,openbookqa
1,ai21_j2-jumbo,0.5,20,6,0.6666666666666666,openbookqa
2,ai21_j2-large,0.4,20,6,0.3333333333333333,openbookqa
3,together_redpajama-incite-base-3b-v1,0.25,20,6,0.0,openbookqa
0,ai21_j2-grande,0.45,20,7,0.6666666666666666,openbookqa
1,ai21_j2-jumbo,0.5,20,7,1.0,openbookqa
2,ai21_j2-large,0.4,20,7,0.3333333333333333,openbookqa
3,together_redpajama-incite-base-3b-v1,0.25,20,7,0.0,openbookqa
0,ai21_j2-grande,0.45,20,8,0.3333333333333333,openbookqa
1,ai21_j2-jumbo,0.55,20,8,0.6666666666666666,openbookqa
2,ai21_j2-large,0.55,20,8,0.6666666666666666,openbookqa
3,together_redpajama-incite-base-3b-v1,0.25,20,8,0.0,openbookqa
0,ai21_j2-grande,0.6,20,9,0.3333333333333333,openbookqa
1,ai21_j2-jumbo,0.8,20,9,1.0,openbookqa
2,ai21_j2-large,0.75,20,9,0.6666666666666666,openbookqa
3,together_redpajama-incite-base-3b-v1,0.25,20,9,0.0,openbookqa
0,ai21_j2-grande,0.5465,10000,0,0.6666666666666666,openbookqa
1,ai21_j2-jumbo,0.5575,10000,0,1.0,openbookqa
2,ai21_j2-large,0.5315,10000,0,0.3333333333333333,openbookqa
3,together_redpajama-incite-base-3b-v1,0.25,10000,0,0.0,openbookqa
0,ai21_j2-grande,0.544,10000,1,0.6666666666666666,openbookqa
1,ai21_j2-jumbo,0.5601,10000,1,1.0,openbookqa
2,ai21_j2-large,0.526,10000,1,0.3333333333333333,openbookqa
3,together_redpajama-incite-base-3b-v1,0.25,10000,1,0.0,openbookqa
0,ai21_j2-grande,0.5412,10000,2,0.6666666666666666,openbookqa
1,ai21_j2-jumbo,0.5551,10000,2,1.0,openbookqa
2,ai21_j2-large,0.5374,10000,2,0.3333333333333333,openbookqa
3,together_redpajama-incite-base-3b-v1,0.25,10000,2,0.0,openbookqa
0,ai21_j2-grande,0.5433,10000,3,0.6666666666666666,openbookqa
1,ai21_j2-jumbo,0.5571,10000,3,1.0,openbookqa
2,ai21_j2-large,0.53,10000,3,0.3333333333333333,openbookqa
3,together_redpajama-incite-base-3b-v1,0.25,10000,3,0.0,openbookqa
0,ai21_j2-grande,0.5466,10000,4,0.6666666666666666,openbookqa
1,ai21_j2-jumbo,0.5642,10000,4,1.0,openbookqa
2,ai21_j2-large,0.5263,10000,4,0.3333333333333333,openbookqa
3,together_redpajama-incite-base-3b-v1,0.25,10000,4,0.0,openbookqa
0,ai21_j2-grande,0.5458,10000,5,0.6666666666666666,openbookqa
1,ai21_j2-jumbo,0.568,10000,5,1.0,openbookqa
2,ai21_j2-large,0.5376,10000,5,0.3333333333333333,openbookqa
3,together_redpajama-incite-base-3b-v1,0.25,10000,5,0.0,openbookqa
0,ai21_j2-grande,0.546,10000,6,0.6666666666666666,openbookqa
1,ai21_j2-jumbo,0.5584,10000,6,1.0,openbookqa
2,ai21_j2-large,0.529,10000,6,0.3333333333333333,openbookqa
3,together_redpajama-incite-base-3b-v1,0.25,10000,6,0.0,openbookqa
0,ai21_j2-grande,0.5484,10000,7,0.6666666666666666,openbookqa
1,ai21_j2-jumbo,0.5561,10000,7,1.0,openbookqa
2,ai21_j2-large,0.5255,10000,7,0.3333333333333333,openbookqa
3,together_redpajama-incite-base-3b-v1,0.25,10000,7,0.0,openbookqa
0,ai21_j2-grande,0.5394,10000,8,0.6666666666666666,openbookqa
1,ai21_j2-jumbo,0.5632,10000,8,1.0,openbookqa
2,ai21_j2-large,0.528,10000,8,0.3333333333333333,openbookqa
3,together_redpajama-incite-base-3b-v1,0.25,10000,8,0.0,openbookqa
0,ai21_j2-grande,0.533,10000,9,0.6666666666666666,openbookqa
1,ai21_j2-jumbo,0.5471,10000,9,1.0,openbookqa
2,ai21_j2-large,0.529,10000,9,0.3333333333333333,openbookqa
3,together_redpajama-incite-base-3b-v1,0.25,10000,9,0.0,openbookqa
0,ai21_j2-grande,0.5671428571428572,700,0,0.6666666666666666,openbookqa
1,ai21_j2-jumbo,0.5785714285714286,700,0,1.0,openbookqa
2,ai21_j2-large,0.5442857142857143,700,0,0.3333333333333333,openbookqa
3,together_redpajama-incite-base-3b-v1,0.25,700,0,0.0,openbookqa
0,ai21_j2-grande,0.5614285714285714,700,1,1.0,openbookqa
1,ai21_j2-jumbo,0.5457142857142857,700,1,0.6666666666666666,openbookqa
2,ai21_j2-large,0.5085714285714286,700,1,0.3333333333333333,openbookqa
3,together_redpajama-incite-base-3b-v1,0.25,700,1,0.0,openbookqa
0,ai21_j2-grande,0.5528571428571428,700,2,0.3333333333333333,openbookqa
1,ai21_j2-jumbo,0.5642857142857143,700,2,1.0,openbookqa
2,ai21_j2-large,0.5557142857142857,700,2,0.6666666666666666,openbookqa
3,together_redpajama-incite-base-3b-v1,0.25,700,2,0.0,openbookqa
0,ai21_j2-grande,0.5285714285714286,700,3,0.6666666666666666,openbookqa
1,ai21_j2-jumbo,0.5642857142857143,700,3,1.0,openbookqa
2,ai21_j2-large,0.5128571428571429,700,3,0.3333333333333333,openbookqa
3,together_redpajama-incite-base-3b-v1,0.25,700,3,0.0,openbookqa
0,ai21_j2-grande,0.5314285714285715,700,4,1.0,openbookqa
1,ai21_j2-jumbo,0.5242857142857142,700,4,0.6666666666666666,openbookqa
2,ai21_j2-large,0.5042857142857143,700,4,0.3333333333333333,openbookqa
3,together_redpajama-incite-base-3b-v1,0.25,700,4,0.0,openbookqa
0,ai21_j2-grande,0.5242857142857142,700,5,0.3333333333333333,openbookqa
1,ai21_j2-jumbo,0.5471428571428572,700,5,1.0,openbookqa
2,ai21_j2-large,0.5285714285714286,700,5,0.6666666666666666,openbookqa
3,together_redpajama-incite-base-3b-v1,0.25,700,5,0.0,openbookqa
0,ai21_j2-grande,0.5128571428571429,700,6,0.6666666666666666,openbookqa
1,ai21_j2-jumbo,0.53,700,6,1.0,openbookqa
2,ai21_j2-large,0.4914285714285714,700,6,0.3333333333333333,openbookqa
3,together_redpajama-incite-base-3b-v1,0.25,700,6,0.0,openbookqa
0,ai21_j2-grande,0.5328571428571428,700,7,0.3333333333333333,openbookqa
1,ai21_j2-jumbo,0.5471428571428572,700,7,1.0,openbookqa
2,ai21_j2-large,0.54,700,7,0.6666666666666666,openbookqa
3,together_redpajama-incite-base-3b-v1,0.25,700,7,0.0,openbookqa
0,ai21_j2-grande,0.5371428571428571,700,8,0.6666666666666666,openbookqa
1,ai21_j2-jumbo,0.5585714285714286,700,8,1.0,openbookqa
2,ai21_j2-large,0.5185714285714286,700,8,0.3333333333333333,openbookqa
3,together_redpajama-incite-base-3b-v1,0.25,700,8,0.0,openbookqa
0,ai21_j2-grande,0.56,700,9,0.6666666666666666,openbookqa
1,ai21_j2-jumbo,0.5942857142857143,700,9,1.0,openbookqa
2,ai21_j2-large,0.54,700,9,0.3333333333333333,openbookqa
3,together_redpajama-incite-base-3b-v1,0.25,700,9,0.0,openbookqa
0,ai21_j2-grande,0.4933333333333333,150,0,0.3333333333333333,openbookqa
1,ai21_j2-jumbo,0.58,150,0,1.0,openbookqa
2,ai21_j2-large,0.56,150,0,0.6666666666666666,openbookqa
3,together_redpajama-incite-base-3b-v1,0.25,150,0,0.0,openbookqa
0,ai21_j2-grande,0.5666666666666667,150,1,0.6666666666666666,openbookqa
1,ai21_j2-jumbo,0.5733333333333334,150,1,1.0,openbookqa
2,ai21_j2-large,0.5,150,1,0.3333333333333333,openbookqa
3,together_redpajama-incite-base-3b-v1,0.25,150,1,0.0,openbookqa
0,ai21_j2-grande,0.5533333333333333,150,2,0.6666666666666666,openbookqa
1,ai21_j2-jumbo,0.5733333333333334,150,2,1.0,openbookqa
2,ai21_j2-large,0.52,150,2,0.3333333333333333,openbookqa
3,together_redpajama-incite-base-3b-v1,0.25,150,2,0.0,openbookqa
0,ai21_j2-grande,0.5066666666666667,150,3,0.3333333333333333,openbookqa
1,ai21_j2-jumbo,0.5533333333333333,150,3,1.0,openbookqa
2,ai21_j2-large,0.5066666666666667,150,3,0.3333333333333333,openbookqa
3,together_redpajama-incite-base-3b-v1,0.25,150,3,0.0,openbookqa
0,ai21_j2-grande,0.5733333333333334,150,4,0.6666666666666666,openbookqa
1,ai21_j2-jumbo,0.5866666666666667,150,4,1.0,openbookqa
2,ai21_j2-large,0.56,150,4,0.3333333333333333,openbookqa
3,together_redpajama-incite-base-3b-v1,0.25,150,4,0.0,openbookqa
0,ai21_j2-grande,0.58,150,5,1.0,openbookqa
1,ai21_j2-jumbo,0.5733333333333334,150,5,0.6666666666666666,openbookqa
2,ai21_j2-large,0.5266666666666666,150,5,0.3333333333333333,openbookqa
3,together_redpajama-incite-base-3b-v1,0.25,150,5,0.0,openbookqa
0,ai21_j2-grande,0.4733333333333333,150,6,0.6666666666666666,openbookqa
1,ai21_j2-jumbo,0.4666666666666667,150,6,0.3333333333333333,openbookqa
2,ai21_j2-large,0.5066666666666667,150,6,1.0,openbookqa
3,together_redpajama-incite-base-3b-v1,0.25,150,6,0.0,openbookqa
0,ai21_j2-grande,0.44,150,7,0.3333333333333333,openbookqa
1,ai21_j2-jumbo,0.5533333333333333,150,7,1.0,openbookqa
2,ai21_j2-large,0.52,150,7,0.6666666666666666,openbookqa
3,together_redpajama-incite-base-3b-v1,0.25,150,7,0.0,openbookqa
0,ai21_j2-grande,0.5533333333333333,150,8,0.3333333333333333,openbookqa
1,ai21_j2-jumbo,0.5666666666666667,150,8,1.0,openbookqa
2,ai21_j2-large,0.5533333333333333,150,8,0.3333333333333333,openbookqa
3,together_redpajama-incite-base-3b-v1,0.25,150,8,0.0,openbookqa
0,ai21_j2-grande,0.6133333333333333,150,9,0.6666666666666666,openbookqa
1,ai21_j2-jumbo,0.56,150,9,0.3333333333333333,openbookqa
2,ai21_j2-large,0.6133333333333333,150,9,0.6666666666666666,openbookqa
3,together_redpajama-incite-base-3b-v1,0.25,150,9,0.0,openbookqa
0,ai21_j2-grande,0.51,200,0,0.3333333333333333,openbookqa
1,ai21_j2-jumbo,0.51,200,0,0.3333333333333333,openbookqa
2,ai21_j2-large,0.55,200,0,1.0,openbookqa
3,together_redpajama-incite-base-3b-v1,0.25,200,0,0.0,openbookqa
0,ai21_j2-grande,0.55,200,1,0.6666666666666666,openbookqa
1,ai21_j2-jumbo,0.56,200,1,1.0,openbookqa
2,ai21_j2-large,0.54,200,1,0.3333333333333333,openbookqa
3,together_redpajama-incite-base-3b-v1,0.25,200,1,0.0,openbookqa
0,ai21_j2-grande,0.515,200,2,0.6666666666666666,openbookqa
1,ai21_j2-jumbo,0.595,200,2,1.0,openbookqa
2,ai21_j2-large,0.49,200,2,0.3333333333333333,openbookqa
3,together_redpajama-incite-base-3b-v1,0.25,200,2,0.0,openbookqa
0,ai21_j2-grande,0.53,200,3,0.6666666666666666,openbookqa
1,ai21_j2-jumbo,0.54,200,3,1.0,openbookqa
2,ai21_j2-large,0.505,200,3,0.3333333333333333,openbookqa
3,together_redpajama-incite-base-3b-v1,0.25,200,3,0.0,openbookqa
0,ai21_j2-grande,0.54,200,4,0.6666666666666666,openbookqa
1,ai21_j2-jumbo,0.555,200,4,1.0,openbookqa
2,ai21_j2-large,0.515,200,4,0.3333333333333333,openbookqa
3,together_redpajama-incite-base-3b-v1,0.25,200,4,0.0,openbookqa
0,ai21_j2-grande,0.475,200,5,0.3333333333333333,openbookqa
1,ai21_j2-jumbo,0.495,200,5,0.6666666666666666,openbookqa
2,ai21_j2-large,0.52,200,5,1.0,openbookqa
3,together_redpajama-incite-base-3b-v1,0.25,200,5,0.0,openbookqa
0,ai21_j2-grande,0.59,200,6,1.0,openbookqa
1,ai21_j2-jumbo,0.51,200,6,0.3333333333333333,openbookqa
2,ai21_j2-large,0.58,200,6,0.6666666666666666,openbookqa
3,together_redpajama-incite-base-3b-v1,0.25,200,6,0.0,openbookqa
0,ai21_j2-grande,0.54,200,7,0.6666666666666666,openbookqa
1,ai21_j2-jumbo,0.615,200,7,1.0,openbookqa
2,ai21_j2-large,0.52,200,7,0.3333333333333333,openbookqa
3,together_redpajama-incite-base-3b-v1,0.25,200,7,0.0,openbookqa
0,ai21_j2-grande,0.55,200,8,1.0,openbookqa
1,ai21_j2-jumbo,0.535,200,8,0.6666666666666666,openbookqa
2,ai21_j2-large,0.5,200,8,0.3333333333333333,openbookqa
3,together_redpajama-incite-base-3b-v1,0.25,200,8,0.0,openbookqa
0,ai21_j2-grande,0.48,200,9,0.3333333333333333,openbookqa
1,ai21_j2-jumbo,0.545,200,9,1.0,openbookqa
2,ai21_j2-large,0.485,200,9,0.6666666666666666,openbookqa
3,together_redpajama-incite-base-3b-v1,0.25,200,9,0.0,openbookqa
0,ai21_j2-grande,0.5406666666666666,1500,0,0.3333333333333333,openbookqa
1,ai21_j2-jumbo,0.574,1500,0,1.0,openbookqa
2,ai21_j2-large,0.548,1500,0,0.6666666666666666,openbookqa
3,together_redpajama-incite-base-3b-v1,0.25,1500,0,0.0,openbookqa
0,ai21_j2-grande,0.544,1500,1,0.6666666666666666,openbookqa
1,ai21_j2-jumbo,0.5546666666666666,1500,1,1.0,openbookqa
2,ai21_j2-large,0.532,1500,1,0.3333333333333333,openbookqa
3,together_redpajama-incite-base-3b-v1,0.25,1500,1,0.0,openbookqa
0,ai21_j2-grande,0.544,1500,2,0.6666666666666666,openbookqa
1,ai21_j2-jumbo,0.564,1500,2,1.0,openbookqa
2,ai21_j2-large,0.5246666666666666,1500,2,0.3333333333333333,openbookqa
3,together_redpajama-incite-base-3b-v1,0.25,1500,2,0.0,openbookqa
0,ai21_j2-grande,0.55,1500,3,0.6666666666666666,openbookqa
1,ai21_j2-jumbo,0.566,1500,3,1.0,openbookqa
2,ai21_j2-large,0.5393333333333333,1500,3,0.3333333333333333,openbookqa
3,together_redpajama-incite-base-3b-v1,0.25,1500,3,0.0,openbookqa
0,ai21_j2-grande,0.5486666666666666,1500,4,0.6666666666666666,openbookqa
1,ai21_j2-jumbo,0.5546666666666666,1500,4,1.0,openbookqa
2,ai21_j2-large,0.524,1500,4,0.3333333333333333,openbookqa
3,together_redpajama-incite-base-3b-v1,0.25,1500,4,0.0,openbookqa
0,ai21_j2-grande,0.5453333333333333,1500,5,0.6666666666666666,openbookqa
1,ai21_j2-jumbo,0.5666666666666667,1500,5,1.0,openbookqa
2,ai21_j2-large,0.5406666666666666,1500,5,0.3333333333333333,openbookqa
3,together_redpajama-incite-base-3b-v1,0.25,1500,5,0.0,openbookqa
0,ai21_j2-grande,0.5346666666666666,1500,6,0.3333333333333333,openbookqa
1,ai21_j2-jumbo,0.5613333333333334,1500,6,1.0,openbookqa
2,ai21_j2-large,0.538,1500,6,0.6666666666666666,openbookqa
3,together_redpajama-incite-base-3b-v1,0.25,1500,6,0.0,openbookqa
0,ai21_j2-grande,0.5473333333333333,1500,7,0.6666666666666666,openbookqa
1,ai21_j2-jumbo,0.566,1500,7,1.0,openbookqa
2,ai21_j2-large,0.5373333333333333,1500,7,0.3333333333333333,openbookqa
3,together_redpajama-incite-base-3b-v1,0.25,1500,7,0.0,openbookqa
0,ai21_j2-grande,0.5613333333333334,1500,8,0.6666666666666666,openbookqa
1,ai21_j2-jumbo,0.5893333333333334,1500,8,1.0,openbookqa
2,ai21_j2-large,0.5406666666666666,1500,8,0.3333333333333333,openbookqa
3,together_redpajama-incite-base-3b-v1,0.25,1500,8,0.0,openbookqa
0,ai21_j2-grande,0.5286666666666666,1500,9,0.6666666666666666,openbookqa
1,ai21_j2-jumbo,0.544,1500,9,1.0,openbookqa
2,ai21_j2-large,0.5193333333333333,1500,9,0.3333333333333333,openbookqa
3,together_redpajama-incite-base-3b-v1,0.25,1500,9,0.0,openbookqa
0,ai21_j2-grande,0.52,50,0,0.6666666666666666,openbookqa
1,ai21_j2-jumbo,0.62,50,0,1.0,openbookqa
2,ai21_j2-large,0.44,50,0,0.3333333333333333,openbookqa
3,together_redpajama-incite-base-3b-v1,0.25,50,0,0.0,openbookqa
0,ai21_j2-grande,0.58,50,1,1.0,openbookqa
1,ai21_j2-jumbo,0.5,50,1,0.6666666666666666,openbookqa
2,ai21_j2-large,0.48,50,1,0.3333333333333333,openbookqa
3,together_redpajama-incite-base-3b-v1,0.25,50,1,0.0,openbookqa
0,ai21_j2-grande,0.48,50,2,0.3333333333333333,openbookqa
1,ai21_j2-jumbo,0.52,50,2,1.0,openbookqa
2,ai21_j2-large,0.5,50,2,0.6666666666666666,openbookqa
3,together_redpajama-incite-base-3b-v1,0.25,50,2,0.0,openbookqa
0,ai21_j2-grande,0.6,50,3,1.0,openbookqa
1,ai21_j2-jumbo,0.48,50,3,0.3333333333333333,openbookqa
2,ai21_j2-large,0.56,50,3,0.6666666666666666,openbookqa
3,together_redpajama-incite-base-3b-v1,0.25,50,3,0.0,openbookqa
0,ai21_j2-grande,0.4,50,4,0.6666666666666666,openbookqa
1,ai21_j2-jumbo,0.52,50,4,1.0,openbookqa
2,ai21_j2-large,0.38,50,4,0.3333333333333333,openbookqa
3,together_redpajama-incite-base-3b-v1,0.25,50,4,0.0,openbookqa
0,ai21_j2-grande,0.64,50,5,1.0,openbookqa
1,ai21_j2-jumbo,0.56,50,5,0.3333333333333333,openbookqa
2,ai21_j2-large,0.6,50,5,0.6666666666666666,openbookqa
3,together_redpajama-incite-base-3b-v1,0.25,50,5,0.0,openbookqa
0,ai21_j2-grande,0.38,50,6,0.3333333333333333,openbookqa
1,ai21_j2-jumbo,0.46,50,6,0.6666666666666666,openbookqa
2,ai21_j2-large,0.5,50,6,1.0,openbookqa
3,together_redpajama-incite-base-3b-v1,0.25,50,6,0.0,openbookqa
0,ai21_j2-grande,0.54,50,7,0.6666666666666666,openbookqa
1,ai21_j2-jumbo,0.54,50,7,0.6666666666666666,openbookqa
2,ai21_j2-large,0.4,50,7,0.3333333333333333,openbookqa
3,together_redpajama-incite-base-3b-v1,0.25,50,7,0.0,openbookqa
0,ai21_j2-grande,0.58,50,8,0.6666666666666666,openbookqa
1,ai21_j2-jumbo,0.58,50,8,0.6666666666666666,openbookqa
2,ai21_j2-large,0.56,50,8,0.3333333333333333,openbookqa
3,together_redpajama-incite-base-3b-v1,0.25,50,8,0.0,openbookqa
0,ai21_j2-grande,0.6,50,9,0.6666666666666666,openbookqa
1,ai21_j2-jumbo,0.62,50,9,1.0,openbookqa
2,ai21_j2-large,0.58,50,9,0.3333333333333333,openbookqa
3,together_redpajama-incite-base-3b-v1,0.25,50,9,0.0,openbookqa
0,ai21_j2-grande,0.572,500,0,0.6666666666666666,openbookqa
1,ai21_j2-jumbo,0.584,500,0,1.0,openbookqa
2,ai21_j2-large,0.542,500,0,0.3333333333333333,openbookqa
3,together_redpajama-incite-base-3b-v1,0.25,500,0,0.0,openbookqa
0,ai21_j2-grande,0.52,500,1,0.3333333333333333,openbookqa
1,ai21_j2-jumbo,0.576,500,1,1.0,openbookqa
2,ai21_j2-large,0.524,500,1,0.6666666666666666,openbookqa
3,together_redpajama-incite-base-3b-v1,0.25,500,1,0.0,openbookqa
0,ai21_j2-grande,0.53,500,2,0.6666666666666666,openbookqa
1,ai21_j2-jumbo,0.508,500,2,0.3333333333333333,openbookqa
2,ai21_j2-large,0.534,500,2,1.0,openbookqa
3,together_redpajama-incite-base-3b-v1,0.25,500,2,0.0,openbookqa
0,ai21_j2-grande,0.546,500,3,0.6666666666666666,openbookqa
1,ai21_j2-jumbo,0.606,500,3,1.0,openbookqa
2,ai21_j2-large,0.536,500,3,0.3333333333333333,openbookqa
3,together_redpajama-incite-base-3b-v1,0.25,500,3,0.0,openbookqa
0,ai21_j2-grande,0.56,500,4,0.6666666666666666,openbookqa
1,ai21_j2-jumbo,0.584,500,4,1.0,openbookqa
2,ai21_j2-large,0.558,500,4,0.3333333333333333,openbookqa
3,together_redpajama-incite-base-3b-v1,0.25,500,4,0.0,openbookqa
0,ai21_j2-grande,0.598,500,5,0.6666666666666666,openbookqa
1,ai21_j2-jumbo,0.598,500,5,0.6666666666666666,openbookqa
2,ai21_j2-large,0.588,500,5,0.3333333333333333,openbookqa
3,together_redpajama-incite-base-3b-v1,0.25,500,5,0.0,openbookqa
0,ai21_j2-grande,0.546,500,6,0.6666666666666666,openbookqa
1,ai21_j2-jumbo,0.562,500,6,1.0,openbookqa
2,ai21_j2-large,0.534,500,6,0.3333333333333333,openbookqa
3,together_redpajama-incite-base-3b-v1,0.25,500,6,0.0,openbookqa
0,ai21_j2-grande,0.532,500,7,0.6666666666666666,openbookqa
1,ai21_j2-jumbo,0.542,500,7,1.0,openbookqa
2,ai21_j2-large,0.488,500,7,0.3333333333333333,openbookqa
3,together_redpajama-incite-base-3b-v1,0.25,500,7,0.0,openbookqa
0,ai21_j2-grande,0.552,500,8,0.6666666666666666,openbookqa
1,ai21_j2-jumbo,0.588,500,8,1.0,openbookqa
2,ai21_j2-large,0.532,500,8,0.3333333333333333,openbookqa
3,together_redpajama-incite-base-3b-v1,0.25,500,8,0.0,openbookqa
0,ai21_j2-grande,0.542,500,9,0.3333333333333333,openbookqa
1,ai21_j2-jumbo,0.588,500,9,1.0,openbookqa
2,ai21_j2-large,0.544,500,9,0.6666666666666666,openbookqa
3,together_redpajama-incite-base-3b-v1,0.25,500,9,0.0,openbookqa
0,ai21_j2-grande,0.5413333333333333,3000,0,0.6666666666666666,openbookqa
1,ai21_j2-jumbo,0.5566666666666666,3000,0,1.0,openbookqa
2,ai21_j2-large,0.5316666666666666,3000,0,0.3333333333333333,openbookqa
3,together_redpajama-incite-base-3b-v1,0.25,3000,0,0.0,openbookqa
0,ai21_j2-grande,0.5443333333333333,3000,1,0.6666666666666666,openbookqa
1,ai21_j2-jumbo,0.5626666666666666,3000,1,1.0,openbookqa
2,ai21_j2-large,0.5383333333333333,3000,1,0.3333333333333333,openbookqa
3,together_redpajama-incite-base-3b-v1,0.25,3000,1,0.0,openbookqa
0,ai21_j2-grande,0.528,3000,2,0.6666666666666666,openbookqa
1,ai21_j2-jumbo,0.5496666666666666,3000,2,1.0,openbookqa
2,ai21_j2-large,0.5093333333333333,3000,2,0.3333333333333333,openbookqa
3,together_redpajama-incite-base-3b-v1,0.25,3000,2,0.0,openbookqa
0,ai21_j2-grande,0.5383333333333333,3000,3,0.6666666666666666,openbookqa
1,ai21_j2-jumbo,0.5533333333333333,3000,3,1.0,openbookqa
2,ai21_j2-large,0.532,3000,3,0.3333333333333333,openbookqa
3,together_redpajama-incite-base-3b-v1,0.25,3000,3,0.0,openbookqa
0,ai21_j2-grande,0.5403333333333333,3000,4,0.6666666666666666,openbookqa
1,ai21_j2-jumbo,0.558,3000,4,1.0,openbookqa
2,ai21_j2-large,0.527,3000,4,0.3333333333333333,openbookqa
3,together_redpajama-incite-base-3b-v1,0.25,3000,4,0.0,openbookqa
0,ai21_j2-grande,0.5363333333333333,3000,5,0.6666666666666666,openbookqa
1,ai21_j2-jumbo,0.5496666666666666,3000,5,1.0,openbookqa
2,ai21_j2-large,0.518,3000,5,0.3333333333333333,openbookqa
3,together_redpajama-incite-base-3b-v1,0.25,3000,5,0.0,openbookqa
0,ai21_j2-grande,0.552,3000,6,0.6666666666666666,openbookqa
1,ai21_j2-jumbo,0.56,3000,6,1.0,openbookqa
2,ai21_j2-large,0.5416666666666666,3000,6,0.3333333333333333,openbookqa
3,together_redpajama-incite-base-3b-v1,0.25,3000,6,0.0,openbookqa
0,ai21_j2-grande,0.5436666666666666,3000,7,0.6666666666666666,openbookqa
1,ai21_j2-jumbo,0.5533333333333333,3000,7,1.0,openbookqa
2,ai21_j2-large,0.5223333333333333,3000,7,0.3333333333333333,openbookqa
3,together_redpajama-incite-base-3b-v1,0.25,3000,7,0.0,openbookqa
0,ai21_j2-grande,0.541,3000,8,0.6666666666666666,openbookqa
1,ai21_j2-jumbo,0.543,3000,8,1.0,openbookqa
2,ai21_j2-large,0.5333333333333333,3000,8,0.3333333333333333,openbookqa
3,together_redpajama-incite-base-3b-v1,0.25,3000,8,0.0,openbookqa
0,ai21_j2-grande,0.545,3000,9,0.6666666666666666,openbookqa
1,ai21_j2-jumbo,0.5673333333333334,3000,9,1.0,openbookqa
2,ai21_j2-large,0.5223333333333333,3000,9,0.3333333333333333,openbookqa
3,together_redpajama-incite-base-3b-v1,0.25,3000,9,0.0,openbookqa
0,ai21_j2-grande,0.565,1000,0,1.0,openbookqa
1,ai21_j2-jumbo,0.564,1000,0,0.6666666666666666,openbookqa
2,ai21_j2-large,0.527,1000,0,0.3333333333333333,openbookqa
3,together_redpajama-incite-base-3b-v1,0.25,1000,0,0.0,openbookqa
0,ai21_j2-grande,0.56,1000,1,0.6666666666666666,openbookqa
1,ai21_j2-jumbo,0.583,1000,1,1.0,openbookqa
2,ai21_j2-large,0.541,1000,1,0.3333333333333333,openbookqa
3,together_redpajama-incite-base-3b-v1,0.25,1000,1,0.0,openbookqa
0,ai21_j2-grande,0.552,1000,2,0.6666666666666666,openbookqa
1,ai21_j2-jumbo,0.574,1000,2,1.0,openbookqa
2,ai21_j2-large,0.531,1000,2,0.3333333333333333,openbookqa
3,together_redpajama-incite-base-3b-v1,0.25,1000,2,0.0,openbookqa
0,ai21_j2-grande,0.555,1000,3,0.6666666666666666,openbookqa
1,ai21_j2-jumbo,0.561,1000,3,1.0,openbookqa
2,ai21_j2-large,0.541,1000,3,0.3333333333333333,openbookqa
3,together_redpajama-incite-base-3b-v1,0.25,1000,3,0.0,openbookqa
0,ai21_j2-grande,0.523,1000,4,0.3333333333333333,openbookqa
1,ai21_j2-jumbo,0.546,1000,4,0.6666666666666666,openbookqa
2,ai21_j2-large,0.551,1000,4,1.0,openbookqa
3,together_redpajama-incite-base-3b-v1,0.25,1000,4,0.0,openbookqa
0,ai21_j2-grande,0.55,1000,5,0.6666666666666666,openbookqa
1,ai21_j2-jumbo,0.554,1000,5,1.0,openbookqa
2,ai21_j2-large,0.528,1000,5,0.3333333333333333,openbookqa
3,together_redpajama-incite-base-3b-v1,0.25,1000,5,0.0,openbookqa
0,ai21_j2-grande,0.525,1000,6,0.6666666666666666,openbookqa
1,ai21_j2-jumbo,0.551,1000,6,1.0,openbookqa
2,ai21_j2-large,0.515,1000,6,0.3333333333333333,openbookqa
3,together_redpajama-incite-base-3b-v1,0.25,1000,6,0.0,openbookqa
0,ai21_j2-grande,0.542,1000,7,0.6666666666666666,openbookqa
1,ai21_j2-jumbo,0.554,1000,7,1.0,openbookqa
2,ai21_j2-large,0.525,1000,7,0.3333333333333333,openbookqa
3,together_redpajama-incite-base-3b-v1,0.25,1000,7,0.0,openbookqa
0,ai21_j2-grande,0.539,1000,8,0.3333333333333333,openbookqa
1,ai21_j2-jumbo,0.564,1000,8,1.0,openbookqa
2,ai21_j2-large,0.539,1000,8,0.3333333333333333,openbookqa
3,together_redpajama-incite-base-3b-v1,0.25,1000,8,0.0,openbookqa
0,ai21_j2-grande,0.545,1000,9,0.6666666666666666,openbookqa
1,ai21_j2-jumbo,0.566,1000,9,1.0,openbookqa
2,ai21_j2-large,0.539,1000,9,0.3333333333333333,openbookqa
3,together_redpajama-incite-base-3b-v1,0.25,1000,9,0.0,openbookqa
0,ai21_j2-grande,0.55,5000,0,0.6666666666666666,openbookqa
1,ai21_j2-jumbo,0.5626,5000,0,1.0,openbookqa
2,ai21_j2-large,0.5366,5000,0,0.3333333333333333,openbookqa
3,together_redpajama-incite-base-3b-v1,0.25,5000,0,0.0,openbookqa
0,ai21_j2-grande,0.5306,5000,1,0.6666666666666666,openbookqa
1,ai21_j2-jumbo,0.554,5000,1,1.0,openbookqa
2,ai21_j2-large,0.5192,5000,1,0.3333333333333333,openbookqa
3,together_redpajama-incite-base-3b-v1,0.25,5000,1,0.0,openbookqa
0,ai21_j2-grande,0.5396,5000,2,0.6666666666666666,openbookqa
1,ai21_j2-jumbo,0.5548,5000,2,1.0,openbookqa
2,ai21_j2-large,0.5306,5000,2,0.3333333333333333,openbookqa
3,together_redpajama-incite-base-3b-v1,0.25,5000,2,0.0,openbookqa
0,ai21_j2-grande,0.554,5000,3,0.6666666666666666,openbookqa
1,ai21_j2-jumbo,0.567,5000,3,1.0,openbookqa
2,ai21_j2-large,0.539,5000,3,0.3333333333333333,openbookqa
3,together_redpajama-incite-base-3b-v1,0.25,5000,3,0.0,openbookqa
0,ai21_j2-grande,0.5474,5000,4,0.6666666666666666,openbookqa
1,ai21_j2-jumbo,0.5664,5000,4,1.0,openbookqa
2,ai21_j2-large,0.5344,5000,4,0.3333333333333333,openbookqa
3,together_redpajama-incite-base-3b-v1,0.25,5000,4,0.0,openbookqa
0,ai21_j2-grande,0.5292,5000,5,0.6666666666666666,openbookqa
1,ai21_j2-jumbo,0.5482,5000,5,1.0,openbookqa
2,ai21_j2-large,0.5246,5000,5,0.3333333333333333,openbookqa
3,together_redpajama-incite-base-3b-v1,0.25,5000,5,0.0,openbookqa
0,ai21_j2-grande,0.5488,5000,6,0.6666666666666666,openbookqa
1,ai21_j2-jumbo,0.5648,5000,6,1.0,openbookqa
2,ai21_j2-large,0.5292,5000,6,0.3333333333333333,openbookqa
3,together_redpajama-incite-base-3b-v1,0.25,5000,6,0.0,openbookqa
0,ai21_j2-grande,0.5304,5000,7,0.6666666666666666,openbookqa
1,ai21_j2-jumbo,0.5392,5000,7,1.0,openbookqa
2,ai21_j2-large,0.5226,5000,7,0.3333333333333333,openbookqa
3,together_redpajama-incite-base-3b-v1,0.25,5000,7,0.0,openbookqa
0,ai21_j2-grande,0.5468,5000,8,0.6666666666666666,openbookqa
1,ai21_j2-jumbo,0.5588,5000,8,1.0,openbookqa
2,ai21_j2-large,0.54,5000,8,0.3333333333333333,openbookqa
3,together_redpajama-incite-base-3b-v1,0.25,5000,8,0.0,openbookqa
0,ai21_j2-grande,0.5366,5000,9,0.6666666666666666,openbookqa
1,ai21_j2-jumbo,0.5522,5000,9,1.0,openbookqa
2,ai21_j2-large,0.5302,5000,9,0.3333333333333333,openbookqa
3,together_redpajama-incite-base-3b-v1,0.25,5000,9,0.0,openbookqa
0,ai21_j2-grande,0.5488333333333333,6000,0,0.6666666666666666,openbookqa
1,ai21_j2-jumbo,0.5666666666666667,6000,0,1.0,openbookqa
2,ai21_j2-large,0.5273333333333333,6000,0,0.3333333333333333,openbookqa
3,together_redpajama-incite-base-3b-v1,0.25,6000,0,0.0,openbookqa
0,ai21_j2-grande,0.5381666666666667,6000,1,0.6666666666666666,openbookqa
1,ai21_j2-jumbo,0.5571666666666667,6000,1,1.0,openbookqa
2,ai21_j2-large,0.5281666666666667,6000,1,0.3333333333333333,openbookqa
3,together_redpajama-incite-base-3b-v1,0.25,6000,1,0.0,openbookqa
0,ai21_j2-grande,0.5326666666666666,6000,2,0.6666666666666666,openbookqa
1,ai21_j2-jumbo,0.55,6000,2,1.0,openbookqa
2,ai21_j2-large,0.5196666666666667,6000,2,0.3333333333333333,openbookqa
3,together_redpajama-incite-base-3b-v1,0.25,6000,2,0.0,openbookqa
0,ai21_j2-grande,0.55,6000,3,0.6666666666666666,openbookqa
1,ai21_j2-jumbo,0.5591666666666667,6000,3,1.0,openbookqa
2,ai21_j2-large,0.533,6000,3,0.3333333333333333,openbookqa
3,together_redpajama-incite-base-3b-v1,0.25,6000,3,0.0,openbookqa
0,ai21_j2-grande,0.5405,6000,4,0.6666666666666666,openbookqa
1,ai21_j2-jumbo,0.5591666666666667,6000,4,1.0,openbookqa
2,ai21_j2-large,0.532,6000,4,0.3333333333333333,openbookqa
3,together_redpajama-incite-base-3b-v1,0.25,6000,4,0.0,openbookqa
0,ai21_j2-grande,0.5323333333333333,6000,5,0.6666666666666666,openbookqa
1,ai21_j2-jumbo,0.553,6000,5,1.0,openbookqa
2,ai21_j2-large,0.5255,6000,5,0.3333333333333333,openbookqa
3,together_redpajama-incite-base-3b-v1,0.25,6000,5,0.0,openbookqa
0,ai21_j2-grande,0.5505,6000,6,0.6666666666666666,openbookqa
1,ai21_j2-jumbo,0.5643333333333334,6000,6,1.0,openbookqa
2,ai21_j2-large,0.5375,6000,6,0.3333333333333333,openbookqa
3,together_redpajama-incite-base-3b-v1,0.25,6000,6,0.0,openbookqa
0,ai21_j2-grande,0.5436666666666666,6000,7,0.6666666666666666,openbookqa
1,ai21_j2-jumbo,0.5621666666666667,6000,7,1.0,openbookqa
2,ai21_j2-large,0.534,6000,7,0.3333333333333333,openbookqa
3,together_redpajama-incite-base-3b-v1,0.25,6000,7,0.0,openbookqa
0,ai21_j2-grande,0.5435,6000,8,0.6666666666666666,openbookqa
1,ai21_j2-jumbo,0.556,6000,8,1.0,openbookqa
2,ai21_j2-large,0.5353333333333333,6000,8,0.3333333333333333,openbookqa
3,together_redpajama-incite-base-3b-v1,0.25,6000,8,0.0,openbookqa
0,ai21_j2-grande,0.5465,6000,9,0.6666666666666666,openbookqa
1,ai21_j2-jumbo,0.5566666666666666,6000,9,1.0,openbookqa
2,ai21_j2-large,0.5281666666666667,6000,9,0.3333333333333333,openbookqa
3,together_redpajama-incite-base-3b-v1,0.25,6000,9,0.0,openbookqa
0,ai21_j2-grande,0.53,100,0,0.6666666666666666,openbookqa
1,ai21_j2-jumbo,0.6,100,0,1.0,openbookqa
2,ai21_j2-large,0.5,100,0,0.3333333333333333,openbookqa
3,together_redpajama-incite-base-3b-v1,0.25,100,0,0.0,openbookqa
0,ai21_j2-grande,0.49,100,1,0.3333333333333333,openbookqa
1,ai21_j2-jumbo,0.55,100,1,1.0,openbookqa
2,ai21_j2-large,0.5,100,1,0.6666666666666666,openbookqa
3,together_redpajama-incite-base-3b-v1,0.25,100,1,0.0,openbookqa
0,ai21_j2-grande,0.54,100,2,0.3333333333333333,openbookqa
1,ai21_j2-jumbo,0.57,100,2,0.6666666666666666,openbookqa
2,ai21_j2-large,0.57,100,2,0.6666666666666666,openbookqa
3,together_redpajama-incite-base-3b-v1,0.25,100,2,0.0,openbookqa
0,ai21_j2-grande,0.61,100,3,0.6666666666666666,openbookqa
1,ai21_j2-jumbo,0.63,100,3,1.0,openbookqa
2,ai21_j2-large,0.48,100,3,0.3333333333333333,openbookqa
3,together_redpajama-incite-base-3b-v1,0.25,100,3,0.0,openbookqa
0,ai21_j2-grande,0.58,100,4,1.0,openbookqa
1,ai21_j2-jumbo,0.57,100,4,0.3333333333333333,openbookqa
2,ai21_j2-large,0.57,100,4,0.3333333333333333,openbookqa
3,together_redpajama-incite-base-3b-v1,0.25,100,4,0.0,openbookqa
0,ai21_j2-grande,0.61,100,5,0.3333333333333333,openbookqa
1,ai21_j2-jumbo,0.63,100,5,1.0,openbookqa
2,ai21_j2-large,0.61,100,5,0.3333333333333333,openbookqa
3,together_redpajama-incite-base-3b-v1,0.25,100,5,0.0,openbookqa
0,ai21_j2-grande,0.45,100,6,0.6666666666666666,openbookqa
1,ai21_j2-jumbo,0.46,100,6,1.0,openbookqa
2,ai21_j2-large,0.44,100,6,0.3333333333333333,openbookqa
3,together_redpajama-incite-base-3b-v1,0.25,100,6,0.0,openbookqa
0,ai21_j2-grande,0.57,100,7,0.3333333333333333,openbookqa
1,ai21_j2-jumbo,0.66,100,7,1.0,openbookqa
2,ai21_j2-large,0.58,100,7,0.6666666666666666,openbookqa
3,together_redpajama-incite-base-3b-v1,0.25,100,7,0.0,openbookqa
0,ai21_j2-grande,0.53,100,8,0.3333333333333333,openbookqa
1,ai21_j2-jumbo,0.53,100,8,0.3333333333333333,openbookqa
2,ai21_j2-large,0.55,100,8,1.0,openbookqa
3,together_redpajama-incite-base-3b-v1,0.25,100,8,0.0,openbookqa
0,ai21_j2-grande,0.51,100,9,0.6666666666666666,openbookqa
1,ai21_j2-jumbo,0.52,100,9,1.0,openbookqa
2,ai21_j2-large,0.47,100,9,0.3333333333333333,openbookqa
3,together_redpajama-incite-base-3b-v1,0.25,100,9,0.0,openbookqa
